{
    "name": "sta-lcars-ui",
    "title": "LCARS UI for Star Trek Adventures (Unofficial)",
    "description": "Improves the user interface of Foundry with the STA system.",
    "authors": [
      {
        "name": "Fabulist",
        "url": "https://foundryvtt.com/community/fabulist"
      }
    ],
    "version": "0.3.1",
    "compatibility": {
      "minimum": "9",
      "verified": "12",
      "maximum": "12"
    },
    "esmodules": ["scripts/sta-lcars-ui.js"],
    "styles": ["styles/sta-lcars-ui.css"],
    "dependencies":
    {
        "name": "sta",
        "type": "system"
    },
    "url": "https://github.com/tokeidlom/STA-LCARS-UI",
    "manifest": "https://raw.githubusercontent.com/tokeidlom/STA-LCARS-UI/main/src/module.json",
    "download": "https://raw.githubusercontent.com/tokeidlom/STA-LCARS-UI/main/package/sta-lcars-ui-v0.4.1.zip"
  }
