{
  "title": "LCARS UI for Star Trek Adventures (Unofficial)",
  "description": "Improves the user interface of Foundry with the STA system.",
  "authors": [
    {
      "name": "Fabulist"
    },
    {
      "name": "CalinStar",
      "url": "https://foundryvtt.com/community/calinstar/",
      "flags": {}
    }
  ],
  "version": "0.4.9",
  "compatibility": {
    "minimum": "9",
    "verified": "12"
  },
  "esmodules": [
    "scripts/sta-lcars-ui.js"
  ],
  "styles": [
    "styles/sta-lcars-ui.css"
  ],
  "relationships": {
    "systems": [
      {
        "id": "sta",
        "type": "system",
        "manifest": "https://raw.githubusercontent.com/mkscho63/sta/master/src/system.json",
        "compatibility": {
          "minimum": "1.3.2"
        }
      }
    ]
  },
  "url": "https://github.com/tokeidlom/STA-LCARS-UI",
  "manifest": "https://raw.githubusercontent.com/tokeidlom/STA-LCARS-UI/main/src/module.json",
  "download": "https://raw.githubusercontent.com/tokeidlom/STA-LCARS-UI/main/package/sta-lcars-ui-v0.4.9.zip",
  "id": "sta-lcars-ui"
}